paper,figures
2603.06587v1.tei,17
2603.06811v1.tei,4
2603.06902v1.tei,7
2603.07315v1.tei,1
2603.07438v1.tei,11
2603.07670v1.tei,2
2603.07916v1.tei,19
2603.08068v1.tei,11
2603.08171v1.tei,2
2603.08267v1.tei,6
